<TorsionPrefs>
<DefaultFont>0;-13;0;0;0;400;0;0;0;1;0;0;0;32;Courier New</DefaultFont>
<ReservedWords color="0, 0, 255">%this break case continue datablock default else false for function if local new or package package return singleton switch switch$ true while</ReservedWords>
<ExportsColor>0, 0, 128</ExportsColor>
<BgColor>255, 255, 255</BgColor>
<DefaultColor>0, 0, 0</DefaultColor>
<CommentColor>0, 128, 0</CommentColor>
<StringColor>128, 0, 128</StringColor>
<NumberColor>0, 0, 0</NumberColor>
<OperatorsColor>128, 128, 0</OperatorsColor>
<LocalsColor>0, 128, 128</LocalsColor>
<GlobalsColor>196, 92, 0</GlobalsColor>
<SelColor>255, 255, 255</SelColor>
<SelBgColor>49, 106, 197</SelBgColor>
<BraceMatchColor>0, 0, 0</BraceMatchColor>
<BraceMatchBgColor>240, 240, 240</BraceMatchBgColor>
<BraceMatchErrColor>197, 0, 0</BraceMatchErrColor>
<CalltipColor>0, 0, 0</CalltipColor>
<CalltipBgColor>255, 255, 225</CalltipBgColor>
<CalltipHiColor>0, 128, 128</CalltipHiColor>
<MarginColor>240, 240, 240</MarginColor>
<MarginTextColor>0, 0, 0</MarginTextColor>
<CodeFolding>true</CodeFolding>
<CodeFoldingColor>128, 128, 128</CodeFoldingColor>
<CodeCompletion>true</CodeCompletion>
<EnhancedCompletion>true</EnhancedCompletion>
<Position>0,0,1024,728</Position>
<Maximized>false</Maximized>
<ProjectSashWidth>253</ProjectSashWidth>
<BottomSashHeight>171</BottomSashHeight>
<UseTabs>false</UseTabs>
<TabWidth>3</TabWidth>
<LineWrap>false</LineWrap>
<EdgeMarker>true</EdgeMarker>
<EdgeMarkerColumn>80</EdgeMarkerColumn>
<EdgeMarkerColor>240, 240, 240</EdgeMarkerColor>
<ShowTabsAndSpaces>false</ShowTabsAndSpaces>
<ShowLineBreaks>false</ShowLineBreaks>
<ShowLineNumbers>true</ShowLineNumbers>
<FileHistory>
<File>D:\gamedev\T3DMIT\Pacific\My Projects\Pacific\game\tools\gui\materialSelector.ed.gui</File>
<File>D:\gamedev\T3DMIT\Pacific\My Projects\Pacific\game\tools\materialEditor\main.cs</File>
<File>D:\gamedev\T3DMIT\Pacific\My Projects\Pacific\game\tools\materialEditor\scripts\materialEditor.ed.cs</File>
<File>D:\gamedev\T3DMIT\Pacific\My Projects\Pacific\game\scripts\server\physicsShape.cs</File>
<File>D:\gamedev\T3DMIT\Pacific\My Projects\Pacific\game\scripts\server\scriptExec.cs</File>
<File>D:\gamedev\T3DMIT\Pacific\My Projects\Pacific\game\art\datablocks\datablockExec.cs</File>
<File>D:\gamedev\T3DMIT\Pacific\My Projects\Pacific\game\scripts\main.cs</File>
<File>D:\gamedev\T3DMIT\Pacific\My Projects\Pacific\game\scripts\server\init.cs</File>
<File>D:\gamedev\T3DMIT\Pacific\My Projects\Pacific\game\scripts\server\shapeBase.cs</File>
</FileHistory>
<ProjectHistory>
<Project>D:\gamedev\T3DMIT\Pacific\My Projects\Pacific\game\Pacific.torsion</Project>
<Project>D:\ShareDrive\DX11Template\My Projects\DX11Template\game\DX11Template.torsion</Project>
<Project>D:\gamedev\T3DMIT\NEWTEMPLATEFINAL\My Projects\NEWTEMPLATEFINAL\game\BaseGame.torsion</Project>
</ProjectHistory>
<FindHistory>
<String>CurrentFilter</String>
<String>ALL</String>
<String>filter</String>
<String>tag</String>
<String>materialTag</String>
<String>health.cs</String>
<String>PhysicsShapeData::</String>
<String>m</String>
<String>PhysicsShapeData</String>
<String>damage(</String>
<String>damage</String>
<String>core/images</String>
<String>shapeName</String>
<String>FPSGameplay</String>
<String>netGraphGui</String>
<String>moveMap.bindCmd(keyboard, "n", "toggleNetGraph();", "");</String>
<String>toggleNetGraph</String>
<String>reloadMaterials</String>
<String>reloadt</String>
</FindHistory>
<FindTypes>
<Type>*.cs;*.gui;*.mis;*.t2d</Type>
</FindTypes>
<FindPaths>
<Path>Project</Path>
<Path>Base Directory</Path>
</FindPaths>
<FindMatchCase>false</FindMatchCase>
<FindMatchWord>false</FindMatchWord>
<FindSearchUp>false</FindSearchUp>
<FindPos>772 174</FindPos>
<FindSymbols/>
<LoadLastProject>true</LoadLastProject>
<LastProject>D:\gamedev\T3DMIT\Pacific\My Projects\Pacific\game\Pacific.torsion</LastProject>
<ScriptExtensions>cs; gui; mis; t2d</ScriptExtensions>
<DSOExts>dso; edso</DSOExts>
<ExcludedFileNames>
<Name>.dll</Name>
<Name>.exe</Name>
<Name>.lnk</Name>
<Name>.torsion</Name>
<Name>.bak</Name>
<Name>.opt</Name>
<Name>.exports</Name>
<Name>.tmp</Name>
<Name>.ilk</Name>
<Name>.pdb</Name>
</ExcludedFileNames>
<ExcludedFolderNames>
<Name>_svn</Name>
<Name>.svn</Name>
<Name>cvs</Name>
</ExcludedFolderNames>
<TextExts/>
<ShowAllMods>false</ShowAllMods>
<ShowAllFiles>true</ShowAllFiles>
<SyncProjectTree>true</SyncProjectTree>
<CheckForUpdates>true</CheckForUpdates>
<ExternalTools>
<Tool>
<Title>(Empty)</Title>
<Command/>
<Arguments/>
<Directory/>
</Tool>
<Tool>
<Title>(Empty)</Title>
<Command/>
<Arguments/>
<Directory/>
</Tool>
<Tool>
<Title>(Empty)</Title>
<Command/>
<Arguments/>
<Directory/>
</Tool>
<Tool>
<Title>(Empty)</Title>
<Command/>
<Arguments/>
<Directory/>
</Tool>
</ExternalTools>
</TorsionPrefs>
